{"cameraMode":{"drawMode":0,"name":"Shaded","section":"Shading Mode"},"sceneLighting":true,"audioPlay":false,"sceneViewState":{"m_AlwaysRefresh":false,"showFog":true,"showSkybox":true,"showFlares":true,"showImageEffects":true,"showParticleSystems":true,"showVisualEffectGraphs":true,"m_FxEnabled":true},"in2DMode":false,"pivot":{"x":1239.9664306640625,"y":0.5365795493125916,"z":1239.797607421875},"rotation":{"x":-0.4352904260158539,"y":-0.30277881026268008,"z":0.15813271701335908,"w":-0.8330121636390686},"size":2.719907760620117,"orthographic":true}