{"cameraMode":{"drawMode":2,"name":"Shaded Wireframe","section":"Shading Mode"},"sceneLighting":false,"audioPlay":false,"sceneViewState":{"m_AlwaysRefresh":false,"showFog":true,"showSkybox":false,"showFlares":true,"showImageEffects":true,"showParticleSystems":true,"showVisualEffectGraphs":true,"m_FxEnabled":true},"in2DMode":false,"pivot":{"x":-0.3000004291534424,"y":-0.004249968566000462,"z":0.29999977350234988},"rotation":{"x":0.6728085279464722,"y":-0.0033298644702881576,"z":0.003025862155482173,"w":0.7398144006729126},"size":2.545593500137329,"orthographic":true}